"Data Source","World Development Indicators",

"Last Updated Date","2026-02-24",

"Country Name","Country Code","Indicator Name","Indicator Code","1960","1961","1962","1963","1964","1965","1966","1967","1968","1969","1970","1971","1972","1973","1974","1975","1976","1977","1978","1979","1980","1981","1982","1983","1984","1985","1986","1987","1988","1989","1990","1991","1992","1993","1994","1995","1996","1997","1998","1999","2000","2001","2002","2003","2004","2005","2006","2007","2008","2009","2010","2011","2012","2013","2014","2015","2016","2017","2018","2019","2020","2021","2022","2023","2024","2025",
"Aruba","ABW","Firms with female top manager (% of firms)","IC.FRM.FEMM.ZS","","","","","","","","","","","","","","","","","","","","","","","","","","","","","","","","","","","","","","","","","","","","","","","","","","","","","","","","","","","","","","","","","","",
"Africa Eastern and Southern","AFE","Firms with female top manager (% of firms)","IC.FRM.FEMM.ZS","","","","","","","","","","","","","","","","","","","","","","","","","","","","","","","","","","","","","","","","","","","","","","","","","","","","","","","","","","","","","","","","","19.3534777265417","",
"Afghanistan","AFG","Firms with female top manager (% of firms)","IC.FRM.FEMM.ZS","","","","","","","","","","","","","","","","","","","","","","","","","","","","","","","","","","","","","","","","","","","","","","","","","0.7476635575","","","","","","4.704538822","","","","","","","","","","","",
"Africa Western and Central","AFW","Firms with female top manager (% of firms)","IC.FRM.FEMM.ZS","","","","","","","","","","","","","","","","","","","","","","","","","","","","","","","","","","","","","","","","","","","","","","","","","","","","","","","","","","","","","","","","","13.5747119812857","",
"Angola","AGO","Firms with female top manager (% of firms)","IC.FRM.FEMM.ZS","","","","","","","","","","","","","","","","","","","","","","","","","","","","","","","","","","","","","","","","","","","","","","","","","","","13.46726799","","","","","","","","","","","","","","10.36852551","",
"Albania","ALB","Firms with female top manager (% of firms)","IC.FRM.FEMM.ZS","","","","","","","","","","","","","","","","","","","","","","","","","","","","","","","","","","","","","","","","","","","","","","","","","","","","","","12.19568729","","","","","","18.05903816","","","","","","",
"Andorra","AND","Firms with female top manager (% of firms)","IC.FRM.FEMM.ZS","","","","","","","","","","","","","","","","","","","","","","","","","","","","","","","","","","","","","","","","","","","","","","","","","","","","","","","","","","","","","","","","","","",
"Arab World","ARB","Firms with female top manager (% of firms)","IC.FRM.FEMM.ZS","","","","","","","","","","","","","","","","","","","","","","","","","","","","","","","","","","","","","","","","","","","","","","","","","","","","","","","","","","","","","","","","","6.300437078125","",
"United Arab Emirates","ARE","Firms with female top manager (% of firms)","IC.FRM.FEMM.ZS","","","","","","","","","","","","","","","","","","","","","","","","","","","","","","","","","","","","","","","","","","","","","","","","","","","","","","","","","","","","","","","","","","",
"Argentina","ARG","Firms with female top manager (% of firms)","IC.FRM.FEMM.ZS","","","","","","","","","","","","","","","","","","","","","","","","","","","","","","","","","","","","","","","","","","","","","","","","","","","9.23462677","","","","","","","7.985743046","","","","","","","","",
"Armenia","ARM","Firms with female top manager (% of firms)","IC.FRM.FEMM.ZS","","","","","","","","","","","","","","","","","","","","","","","","","","","","","","","","","","","","","","","","","","","","","","","","","","13.48656082","","","","14.08420753","","","","","","","19.11264992","","","","28.22742462","",
"American Samoa","ASM","Firms with female top manager (% of firms)","IC.FRM.FEMM.ZS","","","","","","","","","","","","","","","","","","","","","","","","","","","","","","","","","","","","","","","","","","","","","","","","","","","","","","","","","","","","","","","","","","",
"Antigua and Barbuda","ATG","Firms with female top manager (% of firms)","IC.FRM.FEMM.ZS","","","","","","","","","","","","","","","","","","","","","","","","","","","","","","","","","","","","","","","","","","","","","","","","","","","17.51560783","","","","","","","","","","","","","","","",
"Australia","AUS","Firms with female top manager (% of firms)","IC.FRM.FEMM.ZS","","","","","","","","","","","","","","","","","","","","","","","","","","","","","","","","","","","","","","","","","","","","","","","","","","","","","","","","","","","","","","","","","","",
"Austria","AUT","Firms with female top manager (% of firms)","IC.FRM.FEMM.ZS","","","","","","","","","","","","","","","","","","","","","","","","","","","","","","","","","","","","","","","","","","","","","","","","","","","","","","","","","","","","","","18.78592491","","","","",
"Azerbaijan","AZE","Firms with female top manager (% of firms)","IC.FRM.FEMM.ZS","","","","","","","","","","","","","","","","","","","","","","","","","","","","","","","","","","","","","","","","","","","","","","","","","","4.716484547","","","","2.56281662","","","","","","16.54400253","","","","","7.307301044","",
"Burundi","BDI","Firms with female top manager (% of firms)","IC.FRM.FEMM.ZS","","","","","","","","","","","","","","","","","","","","","","","","","","","","","","","","","","","","","","","","","","","","","","","","","","","","","","","16.33656883","","","","","","","","","","","11.00336456",
"Belgium","BEL","Firms with female top manager (% of firms)","IC.FRM.FEMM.ZS","","","","","","","","","","","","","","","","","","","","","","","","","","","","","","","","","","","","","","","","","","","","","","","","","","","","","","","","","","","","","17.88541412","","","","12.82193565","",
"Benin","BEN","Firms with female top manager (% of firms)","IC.FRM.FEMM.ZS","","","","","","","","","","","","","","","","","","","","","","","","","","","","","","","","","","","","","","","","","","","","","","","","","","26.91458511","","","","","","","25.88806725","","","","","","","","24.38993073","",
"Burkina Faso","BFA","Firms with female top manager (% of firms)","IC.FRM.FEMM.ZS","","","","","","","","","","","","","","","","","","","","","","","","","","","","","","","","","","","","","","","","","","","","","","","","","","11.31608582","","","","","","","","","","","","","","","13.46479225","",
"Bangladesh","BGD","Firms with female top manager (% of firms)","IC.FRM.FEMM.ZS","","","","","","","","","","","","","","","","","","","","","","","","","","","","","","","","","","","","","","","","","","","","","","","","1.265340686","","","","","","4.811694622","","","","","","","","","3.590550184","","","",
"Bulgaria","BGR","Firms with female top manager (% of firms)","IC.FRM.FEMM.ZS","","","","","","","","","","","","","","","","","","","","","","","","","","","","","","","","","","","","","","","","","","","","","","","","","","25.74961662","","","","23.5161972","","","","","","28.81693649","","","","23.50279045","","",
"Bahrain","BHR","Firms with female top manager (% of firms)","IC.FRM.FEMM.ZS","","","","","","","","","","","","","","","","","","","","","","","","","","","","","","","","","","","","","","","","","","","","","","","","","","","","","","","","","","","","","","","","","8.891639709","",
"Bahamas, The","BHS","Firms with female top manager (% of firms)","IC.FRM.FEMM.ZS","","","","","","","","","","","","","","","","","","","","","","","","","","","","","","","","","","","","","","","","","","","","","","","","","","","33.21514893","","","","","","","","","","","","","","","",
"Bosnia and Herzegovina","BIH","Firms with female top manager (% of firms)","IC.FRM.FEMM.ZS","","","","","","","","","","","","","","","","","","","","","","","","","","","","","","","","","","","","","","","","","","","","","","","","","","13.50128555","","","","16.64472961","","","","","","16.56048393","","","","15.26902199","","",
"Belarus","BLR","Firms with female top manager (% of firms)","IC.FRM.FEMM.ZS","","","","","","","","","","","","","","","","","","","","","","","","","","","","","","","","","","","","","","","","","","","","","","","","","24.84287262","","","","","32.15776062","","","","","21.12257004","","","","","","","",
"Belize","BLZ","Firms with female top manager (% of firms)","IC.FRM.FEMM.ZS","","","","","","","","","","","","","","","","","","","","","","","","","","","","","","","","","","","","","","","","","","","","","","","","","","","25.45908928","","","","","","","","","","","","","","","",
"Bermuda","BMU","Firms with female top manager (% of firms)","IC.FRM.FEMM.ZS","","","","","","","","","","","","","","","","","","","","","","","","","","","","","","","","","","","","","","","","","","","","","","","","","","","","","","","","","","","","","","","","","","",
"Bolivia","BOL","Firms with female top manager (% of firms)","IC.FRM.FEMM.ZS","","","","","","","","","","","","","","","","","","","","","","","","","","","","","","","","","","","","","","","","","","","","","","","","","","","21.71258354","","","","","","","26.31460953","","","","","","","","",
"Brazil","BRA","Firms with female top manager (% of firms)","IC.FRM.FEMM.ZS","","","","","","","","","","","","","","","","","","","","","","","","","","","","","","","","","","","","","","","","","","","","","","","","","","19.37159348","","","","","","","","","","","","","","","","",
"Barbados","BRB","Firms with female top manager (% of firms)","IC.FRM.FEMM.ZS","","","","","","","","","","","","","","","","","","","","","","","","","","","","","","","","","","","","","","","","","","","","","","","","","","","25.40186119","","","","","","","","","","","","","16.87346268","","",
"Brunei Darussalam","BRN","Firms with female top manager (% of firms)","IC.FRM.FEMM.ZS","","","","","","","","","","","","","","","","","","","","","","","","","","","","","","","","","","","","","","","","","","","","","","","","","","","","","","","","","","","","","","","","","","37.93264008",
"Bhutan","BTN","Firms with female top manager (% of firms)","IC.FRM.FEMM.ZS","","","","","","","","","","","","","","","","","","","","","","","","","","","","","","","","","","","","","","","","","","","","","","","","","","","","","","","","26.30789948","","","","","","","","","21.41531754","",
"Botswana","BWA","Firms with female top manager (% of firms)","IC.FRM.FEMM.ZS","","","","","","","","","","","","","","","","","","","","","","","","","","","","","","","","","","","","","","","","","","","","","","","","","","","16.45321846","","","","","","","","","","","","","22.96803474","","",
"Central African Republic","CAF","Firms with female top manager (% of firms)","IC.FRM.FEMM.ZS","","","","","","","","","","","","","","","","","","","","","","","","","","","","","","","","","","","","","","","","","","","","","","","","","","","","12.14653873","","","","","","","","","","","","10.21637344","","",
"Canada","CAN","Firms with female top manager (% of firms)","IC.FRM.FEMM.ZS","","","","","","","","","","","","","","","","","","","","","","","","","","","","","","","","","","","","","","","","","","","","","","","","","","","","","","","","","","","","","","","","","21.89378548","",
"Central Europe and the Baltics","CEB","Firms with female top manager (% of firms)","IC.FRM.FEMM.ZS","","","","","","","","","","","","","","","","","","","","","","","","","","","","","","","","","","","","","","","","","","","","","","","","","","","","","","","","","","","","","","","","","22.6597698390909","",
"Switzerland","CHE","Firms with female top manager (% of firms)","IC.FRM.FEMM.ZS","","","","","","","","","","","","","","","","","","","","","","","","","","","","","","","","","","","","","","","","","","","","","","","","","","","","","","","","","","","","","","","","","","",
"Channel Islands","CHI","Firms with female top manager (% of firms)","IC.FRM.FEMM.ZS","","","","","","","","","","","","","","","","","","","","","","","","","","","","","","","","","","","","","","","","","","","","","","","","","","","","","","","","","","","","","","","","","","",
"Chile","CHL","Firms with female top manager (% of firms)","IC.FRM.FEMM.ZS","","","","","","","","","","","","","","","","","","","","","","","","","","","","","","","","","","","","","","","","","","","","","","","","","","","4.524699211","","","","","","","","","","","","","","","",
"China","CHN","Firms with female top manager (% of firms)","IC.FRM.FEMM.ZS","","","","","","","","","","","","","","","","","","","","","","","","","","","","","","","","","","","","","","","","","","","","","","","","","","","","","17.53912544","","","","","","","","","","","","19.59796906","",
"Cote d'Ivoire","CIV","Firms with female top manager (% of firms)","IC.FRM.FEMM.ZS","","","","","","","","","","","","","","","","","","","","","","","","","","","","","","","","","","","","","","","","","","","","","","","","","","","","","","","","","14.29562855","","","","","","","11.55643559","","",
"Cameroon","CMR","Firms with female top manager (% of firms)","IC.FRM.FEMM.ZS","","","","","","","","","","","","","","","","","","","","","","","","","","","","","","","","","","","","","","","","","","","","","","","","","","10.03577518","","","","","","","22.8809185","","","","","","","","21.17993546","",
"Congo, Dem. Rep.","COD","Firms with female top manager (% of firms)","IC.FRM.FEMM.ZS","","","","","","","","","","","","","","","","","","","","","","","","","","","","","","","","","","","","","","","","","","","","","","","","","","","13.67763329","","","10.80734825","","","","","","","","","","","22.74003983","",
"Congo, Rep.","COG","Firms with female top manager (% of firms)","IC.FRM.FEMM.ZS","","","","","","","","","","","","","","","","","","","","","","","","","","","","","","","","","","","","","","","","","","","","","","","","","","17.17171669","","","","","","","","","","","","","","","19.34633064","",
"Colombia","COL","Firms with female top manager (% of firms)","IC.FRM.FEMM.ZS","","","","","","","","","","","","","","","","","","","","","","","","","","","","","","","","","","","","","","","","","","","","","","","","","","","12.07198811","","","","","","","18.93561172","","","","","","24.5977459","","",
"Comoros","COM","Firms with female top manager (% of firms)","IC.FRM.FEMM.ZS","","","","","","","","","","","","","","","","","","","","","","","","","","","","","","","","","","","","","","","","","","","","","","","","","","","","","","","","","","","","","","","","","","20.55428696",
"Cabo Verde","CPV","Firms with female top manager (% of firms)","IC.FRM.FEMM.ZS","","","","","","","","","","","","","","","","","","","","","","","","","","","","","","","","","","","","","","","","","","","","","","","","","","16.70112228","","","","","","","","","","","","","","","26.67436409","",
"Costa Rica","CRI","Firms with female top manager (% of firms)","IC.FRM.FEMM.ZS","","","","","","","","","","","","","","","","","","","","","","","","","","","","","","","","","","","","","","","","","","","","","","","","","","","15.40197468","","","","","","","","","","","","","25.26070213","","",
"Caribbean small states","CSS","Firms with female top manager (% of firms)","IC.FRM.FEMM.ZS","","","","","","","","","","","","","","","","","","","","","","","","","","","","","","","","","","","","","","","","","","","","","","","","","","","","","","","","","","","","","","","","","23.0959716633333","",
"Cuba","CUB","Firms with female top manager (% of firms)","IC.FRM.FEMM.ZS","","","","","","","","","","","","","","","","","","","","","","","","","","","","","","","","","","","","","","","","","","","","","","","","","","","","","","","","","","","","","","","","","","",
"Curacao","CUW","Firms with female top manager (% of firms)","IC.FRM.FEMM.ZS","","","","","","","","","","","","","","","","","","","","","","","","","","","","","","","","","","","","","","","","","","","","","","","","","","","","","","","","","","","","","","","","","","",
"Cayman Islands","CYM","Firms with female top manager (% of firms)","IC.FRM.FEMM.ZS","","","","","","","","","","","","","","","","","","","","","","","","","","","","","","","","","","","","","","","","","","","","","","","","","","","","","","","","","","","","","","","","","","",
"Cyprus","CYP","Firms with female top manager (% of firms)","IC.FRM.FEMM.ZS","","","","","","","","","","","","","","","","","","","","","","","","","","","","","","","","","","","","","","","","","","","","","","","","","","","","","","","","","","","","8.218501091","","","","","8.477920532","",
"Czechia","CZE","Firms with female top manager (% of firms)","IC.FRM.FEMM.ZS","","","","","","","","","","","","","","","","","","","","","","","","","","","","","","","","","","","","","","","","","","","","","","","","","","18.42207718","","","","11.29638481","","","","","","16.14976501","","","","","15.5152483","",
"Germany","DEU","Firms with female top manager (% of firms)","IC.FRM.FEMM.ZS","","","","","","","","","","","","","","","","","","","","","","","","","","","","","","","","","","","","","","","","","","","","","","","","","","","","","","","","","","","","","","14.15823364","","","","",
"Djibouti","DJI","Firms with female top manager (% of firms)","IC.FRM.FEMM.ZS","","","","","","","","","","","","","","","","","","","","","","","","","","","","","","","","","","","","","","","","","","","","","","","","","","","","","","14.19576645","","","","","","","","","","","","",
"Dominica","DMA","Firms with female top manager (% of firms)","IC.FRM.FEMM.ZS","","","","","","","","","","","","","","","","","","","","","","","","","","","","","","","","","","","","","","","","","","","","","","","","","","","23.60511398","","","","","","","","","","","","","","","",
"Denmark","DNK","Firms with female top manager (% of firms)","IC.FRM.FEMM.ZS","","","","","","","","","","","","","","","","","","","","","","","","","","","","","","","","","","","","","","","","","","","","","","","","","","","","","","","","","","","","","8.343995094","","","","","",
"Dominican Republic","DOM","Firms with female top manager (% of firms)","IC.FRM.FEMM.ZS","","","","","","","","","","","","","","","","","","","","","","","","","","","","","","","","","","","","","","","","","","","","","","","","","","","10.96102428","","","","","","21.18969536","","","","","","","","","",
"Algeria","DZA","Firms with female top manager (% of firms)","IC.FRM.FEMM.ZS","","","","","","","","","","","","","","","","","","","","","","","","","","","","","","","","","","","","","","","","","","","","","","","","","","","","","","","","","","","","","","","","","","",
"East Asia & Pacific (excluding high income)","EAP","Firms with female top manager (% of firms)","IC.FRM.FEMM.ZS","","","","","","","","","","","","","","","","","","","","","","","","","","","","","","","","","","","","","","","","","","","","","","","","","","","","","","","","","","","","","","","","","35.225233318125","",
"Early-demographic dividend","EAR","Firms with female top manager (% of firms)","IC.FRM.FEMM.ZS","","","","","","","","","","","","","","","","","","","","","","","","","","","","","","","","","","","","","","","","","","","","","","","","","","","","","","","","","","","","","","","","","20.5300530761321","",
"East Asia & Pacific","EAS","Firms with female top manager (% of firms)","IC.FRM.FEMM.ZS","","","","","","","","","","","","","","","","","","","","","","","","","","","","","","","","","","","","","","","","","","","","","","","","","","","","","","","","","","","","","","","","","34.2324264713636","",
"Europe & Central Asia (excluding high income)","ECA","Firms with female top manager (% of firms)","IC.FRM.FEMM.ZS","","","","","","","","","","","","","","","","","","","","","","","","","","","","","","","","","","","","","","","","","","","","","","","","","","","","","","","","","","","","","","","","","16.1663392788333","",
"Europe & Central Asia","ECS","Firms with female top manager (% of firms)","IC.FRM.FEMM.ZS","","","","","","","","","","","","","","","","","","","","","","","","","","","","","","","","","","","","","","","","","","","","","","","","","","","","","","","","","","","","","","","","","17.2028852269787","",
"Ecuador","ECU","Firms with female top manager (% of firms)","IC.FRM.FEMM.ZS","","","","","","","","","","","","","","","","","","","","","","","","","","","","","","","","","","","","","","","","","","","","","","","","","","","16.99759483","","","","","","","22.91103363","","","","","","","21.04698563","",
"Egypt, Arab Rep.","EGY","Firms with female top manager (% of firms)","IC.FRM.FEMM.ZS","","","","","","","","","","","","","","","","","","","","","","","","","","","","","","","","","","","","","","","","","","","","","","","","","","","","","","7.076939583","","","4.88092804","","","","6.271762371","","","","","",
"Euro area","EMU","Firms with female top manager (% of firms)","IC.FRM.FEMM.ZS","","","","","","","","","","","","","","","","","","","","","","","","","","","","","","","","","","","","","","","","","","","","","","","","","","","","","","","","","","","","","","","","","17.23836538725","",
"Eritrea","ERI","Firms with female top manager (% of firms)","IC.FRM.FEMM.ZS","","","","","","","","","","","","","","","","","","","","","","","","","","","","","","","","","","","","","","","","","","","","","","","","","","7.647208214","","","","","","","","","","","","","","","","",
"Spain","ESP","Firms with female top manager (% of firms)","IC.FRM.FEMM.ZS","","","","","","","","","","","","","","","","","","","","","","","","","","","","","","","","","","","","","","","","","","","","","","","","","","","","","","","","","","","","","","17.61724091","","","13.44526005","",
"Estonia","EST","Firms with female top manager (% of firms)","IC.FRM.FEMM.ZS","","","","","","","","","","","","","","","","","","","","","","","","","","","","","","","","","","","","","","","","","","","","","","","","","","25.81107712","","","","27.57177544","","","","","","22.49744415","","","","15.99827385","","",
"Ethiopia","ETH","Firms with female top manager (% of firms)","IC.FRM.FEMM.ZS","","","","","","","","","","","","","","","","","","","","","","","","","","","","","","","","","","","","","","","","","","","","","","","","","","","","13.55313683","","","","4.520509243","","","","","","","","","","",
"European Union","EUU","Firms with female top manager (% of firms)","IC.FRM.FEMM.ZS","","","","","","","","","","","","","","","","","","","","","","","","","","","","","","","","","","","","","","","","","","","","","","","","","","","","","","","","","","","","","","","","","17.5724029714444","",
"Fragile and conflict affected situations","FCS","Firms with female top manager (% of firms)","IC.FRM.FEMM.ZS","","","","","","","","","","","","","","","","","","","","","","","","","","","","","","","","","","","","","","","","","","","","","","","","","","","","","","","","","","","","","","","","","14.144995750931","",
"Finland","FIN","Firms with female top manager (% of firms)","IC.FRM.FEMM.ZS","","","","","","","","","","","","","","","","","","","","","","","","","","","","","","","","","","","","","","","","","","","","","","","","","","","","","","","","","","","","","12.89665127","","","","","",
"Fiji","FJI","Firms with female top manager (% of firms)","IC.FRM.FEMM.ZS","","","","","","","","","","","","","","","","","","","","","","","","","","","","","","","","","","","","","","","","","","","","","","","","","","","","","","","","","","","","","","","","","","",
"France","FRA","Firms with female top manager (% of firms)","IC.FRM.FEMM.ZS","","","","","","","","","","","","","","","","","","","","","","","","","","","","","","","","","","","","","","","","","","","","","","","","","","","","","","","","","","","","","","19.88988113","","","","",
"Faroe Islands","FRO","Firms with female top manager (% of firms)","IC.FRM.FEMM.ZS","","","","","","","","","","","","","","","","","","","","","","","","","","","","","","","","","","","","","","","","","","","","","","","","","","","","","","","","","","","","","","","","","","",
"Micronesia, Fed. Sts.","FSM","Firms with female top manager (% of firms)","IC.FRM.FEMM.ZS","","","","","","","","","","","","","","","","","","","","","","","","","","","","","","","","","","","","","","","","","","","","","","","","","","","","","","","","","","","","","","","","","","",
"Gabon","GAB","Firms with female top manager (% of firms)","IC.FRM.FEMM.ZS","","","","","","","","","","","","","","","","","","","","","","","","","","","","","","","","","","","","","","","","","","","","","","","","","","11.51931953","","","","","","","","","","","","","","","","",
"United Kingdom","GBR","Firms with female top manager (% of firms)","IC.FRM.FEMM.ZS","","","","","","","","","","","","","","","","","","","","","","","","","","","","","","","","","","","","","","","","","","","","","","","","","","","","","","","","","","","","","","","","","12.30245304","",
"Georgia","GEO","Firms with female top manager (% of firms)","IC.FRM.FEMM.ZS","","","","","","","","","","","","","","","","","","","","","","","","","","","","","","","","","","","","","","","","","","","","","","","","","19.77186966","","","","","32.69548416","","","","","","16.5000515","","","","20.98575783","","",
"Ghana","GHA","Firms with female top manager (% of firms)","IC.FRM.FEMM.ZS","","","","","","","","","","","","","","","","","","","","","","","","","","","","","","","","","","","","","","","","","","","","","","","","","","","","","","14.8912735","","","","","","","","","","19.82195854","","",
"Gibraltar","GIB","Firms with female top manager (% of firms)","IC.FRM.FEMM.ZS","","","","","","","","","","","","","","","","","","","","","","","","","","","","","","","","","","","","","","","","","","","","","","","","","","","","","","","","","","","","","","","","","","",
"Guinea","GIN","Firms with female top manager (% of firms)","IC.FRM.FEMM.ZS","","","","","","","","","","","","","","","","","","","","","","","","","","","","","","","","","","","","","","","","","","","","","","","","","","","","","","","","","5.769514561","","","","","","","","","5.420566559",
"Gambia, The","GMB","Firms with female top manager (% of firms)","IC.FRM.FEMM.ZS","","","","","","","","","","","","","","","","","","","","","","","","","","","","","","","","","","","","","","","","","","","","","","","","","","","","","","","","","","","9.552363396","","","","","8.245829582","","",
"Guinea-Bissau","GNB","Firms with female top manager (% of firms)","IC.FRM.FEMM.ZS","","","","","","","","","","","","","","","","","","","","","","","","","","","","","","","","","","","","","","","","","","","","","","","","","","","","","","","","","","","","","","","","","","7.527126789",
"Equatorial Guinea","GNQ","Firms with female top manager (% of firms)","IC.FRM.FEMM.ZS","","","","","","","","","","","","","","","","","","","","","","","","","","","","","","","","","","","","","","","","","","","","","","","","","","","","","","","","","","","","","","","","","8.099858284","",
"Greece","GRC","Firms with female top manager (% of firms)","IC.FRM.FEMM.ZS","","","","","","","","","","","","","","","","","","","","","","","","","","","","","","","","","","","","","","","","","","","","","","","","","","","","","","","","","","","17.24848938","","","","","15.63696575","","",
"Grenada","GRD","Firms with female top manager (% of firms)","IC.FRM.FEMM.ZS","","","","","","","","","","","","","","","","","","","","","","","","","","","","","","","","","","","","","","","","","","","","","","","","","","","23.98901939","","","","","","","","","","","","","","","",
"Greenland","GRL","Firms with female top manager (% of firms)","IC.FRM.FEMM.ZS","","","","","","","","","","","","","","","","","","","","","","","","","","","","","","","","","","","","","","","","","","","","","","","","","","","","","","","","","","","","","","","","","","",
"Guatemala","GTM","Firms with female top manager (% of firms)","IC.FRM.FEMM.ZS","","","","","","","","","","","","","","","","","","","","","","","","","","","","","","","","","","","","","","","","","","","","","","","","","","","15.67033291","","","","","","","18.45780754","","","","","","","","",
"Guam","GUM","Firms with female top manager (% of firms)","IC.FRM.FEMM.ZS","","","","","","","","","","","","","","","","","","","","","","","","","","","","","","","","","","","","","","","","","","","","","","","","","","","","","","","","","","","","","","","","","","",
"Guyana","GUY","Firms with female top manager (% of firms)","IC.FRM.FEMM.ZS","","","","","","","","","","","","","","","","","","","","","","","","","","","","","","","","","","","","","","","","","","","","","","","","","","","17.66736412","","","","","","","","","","","","","","","",
"High income","HIC","Firms with female top manager (% of firms)","IC.FRM.FEMM.ZS","","","","","","","","","","","","","","","","","","","","","","","","","","","","","","","","","","","","","","","","","","","","","","","","","","","","","","","","","","","","","","","","","19.137274274","",
"Hong Kong SAR, China","HKG","Firms with female top manager (% of firms)","IC.FRM.FEMM.ZS","","","","","","","","","","","","","","","","","","","","","","","","","","","","","","","","","","","","","","","","","","","","","","","","","","","","","","","","","","","","","","","","43.64096451","","",
"Honduras","HND","Firms with female top manager (% of firms)","IC.FRM.FEMM.ZS","","","","","","","","","","","","","","","","","","","","","","","","","","","","","","","","","","","","","","","","","","","","","","","","","","","31.65766907","","","","","","28.043787","","","","","","","","","",
"Heavily indebted poor countries (HIPC)","HPC","Firms with female top manager (% of firms)","IC.FRM.FEMM.ZS","","","","","","","","","","","","","","","","","","","","","","","","","","","","","","","","","","","","","","","","","","","","","","","","","","","","","","","","","","","","","","","","","15.3186623192222","",
"Croatia","HRV","Firms with female top manager (% of firms)","IC.FRM.FEMM.ZS","","","","","","","","","","","","","","","","","","","","","","","","","","","","","","","","","","","","","","","","","","","","","","","","","","","","","","20.14292908","","","","","","27.01951981","","","","26.17508316","","",
"Haiti","HTI","Firms with female top manager (% of firms)","IC.FRM.FEMM.ZS","","","","","","","","","","","","","","","","","","","","","","","","","","","","","","","","","","","","","","","","","","","","","","","","","","","","","","","","","","","","","","","","","","",
"Hungary","HUN","Firms with female top manager (% of firms)","IC.FRM.FEMM.ZS","","","","","","","","","","","","","","","","","","","","","","","","","","","","","","","","","","","","","","","","","","","","","","","","","","13.78879356","","","","20.72307396","","","","","","22.06701469","","","","18.12166405","","",
"IBRD only","IBD","Firms with female top manager (% of firms)","IC.FRM.FEMM.ZS","","","","","","","","","","","","","","","","","","","","","","","","","","","","","","","","","","","","","","","","","","","","","","","","","","","","","","","","","","","","","","","","","20.4634343408167","",
"IDA & IBRD total","IBT","Firms with female top manager (% of firms)","IC.FRM.FEMM.ZS","","","","","","","","","","","","","","","","","","","","","","","","","","","","","","","","","","","","","","","","","","","","","","","","","","","","","","","","","","","","","","","","","19.3515432926719","",
"IDA total","IDA","Firms with female top manager (% of firms)","IC.FRM.FEMM.ZS","","","","","","","","","","","","","","","","","","","","","","","","","","","","","","","","","","","","","","","","","","","","","","","","","","","","","","","","","","","","","","","","","18.3704629560735","",
"IDA blend","IDB","Firms with female top manager (% of firms)","IC.FRM.FEMM.ZS","","","","","","","","","","","","","","","","","","","","","","","","","","","","","","","","","","","","","","","","","","","","","","","","","","","","","","","","","","","","","","","","","21.034810993","",
"Indonesia","IDN","Firms with female top manager (% of firms)","IC.FRM.FEMM.ZS","","","","","","","","","","","","","","","","","","","","","","","","","","","","","","","","","","","","","","","","","","","","","","","","","","31.18535995","","","","","","22.10990906","","","","","","","","31.80389023","","",
"IDA only","IDX","Firms with female top manager (% of firms)","IC.FRM.FEMM.ZS","","","","","","","","","","","","","","","","","","","","","","","","","","","","","","","","","","","","","","","","","","","","","","","","","","","","","","","","","","","","","","","","","17.41129766278","",
"Isle of Man","IMN","Firms with female top manager (% of firms)","IC.FRM.FEMM.ZS","","","","","","","","","","","","","","","","","","","","","","","","","","","","","","","","","","","","","","","","","","","","","","","","","","","","","","","","","","","","","","","","","","",
"India","IND","Firms with female top manager (% of firms)","IC.FRM.FEMM.ZS","","","","","","","","","","","","","","","","","","","","","","","","","","","","","","","","","","","","","","","","","","","","","","","","","","","","","","","8.927672386","","","","","","","","6.847801685","","","",
"Not classified","INX","Firms with female top manager (% of firms)","IC.FRM.FEMM.ZS","","","","","","","","","","","","","","","","","","","","","","","","","","","","","","","","","","","","","","","","","","","","","","","","","","","","","","","","","","","","","","","","","","",
"Ireland","IRL","Firms with female top manager (% of firms)","IC.FRM.FEMM.ZS","","","","","","","","","","","","","","","","","","","","","","","","","","","","","","","","","","","","","","","","","","","","","","","","","","","","","","","","","","","","","15.1086092","","","","16.12047386","",
"Iran, Islamic Rep.","IRN","Firms with female top manager (% of firms)","IC.FRM.FEMM.ZS","","","","","","","","","","","","","","","","","","","","","","","","","","","","","","","","","","","","","","","","","","","","","","","","","","","","","","","","","","","","","","","","","","",
"Iraq","IRQ","Firms with female top manager (% of firms)","IC.FRM.FEMM.ZS","","","","","","","","","","","","","","","","","","","","","","","","","","","","","","","","","","","","","","","","","","","","","","","","","","","","2.346722126","","","","","","","","","","","1.629347086","","","",
"Iceland","ISL","Firms with female top manager (% of firms)","IC.FRM.FEMM.ZS","","","","","","","","","","","","","","","","","","","","","","","","","","","","","","","","","","","","","","","","","","","","","","","","","","","","","","","","","","","","","","","","","17.12299728","",
"Israel","ISR","Firms with female top manager (% of firms)","IC.FRM.FEMM.ZS","","","","","","","","","","","","","","","","","","","","","","","","","","","","","","","","","","","","","","","","","","","","","","","","","","","","","","10.11219692","","","","","","","","","","","9.280239105","",
"Italy","ITA","Firms with female top manager (% of firms)","IC.FRM.FEMM.ZS","","","","","","","","","","","","","","","","","","","","","","","","","","","","","","","","","","","","","","","","","","","","","","","","","","","","","","","","","","","","15.26266479","","","","","21.04342079","",
"Jamaica","JAM","Firms with female top manager (% of firms)","IC.FRM.FEMM.ZS","","","","","","","","","","","","","","","","","","","","","","","","","","","","","","","","","","","","","","","","","","","","","","","","","","","24.11390114","","","","","","","","","","","","","","37.89312744","",
"Jordan","JOR","Firms with female top manager (% of firms)","IC.FRM.FEMM.ZS","","","","","","","","","","","","","","","","","","","","","","","","","","","","","","","","","","","","","","","","","","","","","","","","","","","","","","2.367612362","","","","","","3.088711739","","","","","1.759211898","",
"Japan","JPN","Firms with female top manager (% of firms)","IC.FRM.FEMM.ZS","","","","","","","","","","","","","","","","","","","","","","","","","","","","","","","","","","","","","","","","","","","","","","","","","","","","","","","","","","","","","","","","","","",
"Kazakhstan","KAZ","Firms with female top manager (% of firms)","IC.FRM.FEMM.ZS","","","","","","","","","","","","","","","","","","","","","","","","","","","","","","","","","","","","","","","","","","","","","","","","","","24.69410706","","","","19.39101601","","","","","","26.03798866","","","","","31.10057831","",
"Kenya","KEN","Firms with female top manager (% of firms)","IC.FRM.FEMM.ZS","","","","","","","","","","","","","","","","","","","","","","","","","","","","","","","","","","","","","","","","","","","","","","","","","","","","","","13.38644028","","","","","18.11507034","","","","","","","",
"Kyrgyz Republic","KGZ","Firms with female top manager (% of firms)","IC.FRM.FEMM.ZS","","","","","","","","","","","","","","","","","","","","","","","","","","","","","","","","","","","","","","","","","","","","","","","","","","23.02038193","","","","30.90313339","","","","","","32.93496704","","","","21.68082619","","",
"Cambodia","KHM","Firms with female top manager (% of firms)","IC.FRM.FEMM.ZS","","","","","","","","","","","","","","","","","","","","","","","","","","","","","","","","","","","","","","","","","","","","","","","","","","","","","","","","","57.30899811","","","","","","","33.65469742","","",
"Kiribati","KIR","Firms with female top manager (% of firms)","IC.FRM.FEMM.ZS","","","","","","","","","","","","","","","","","","","","","","","","","","","","","","","","","","","","","","","","","","","","","","","","","","","","","","","","","","","","","","","","","","",
"St. Kitts and Nevis","KNA","Firms with female top manager (% of firms)","IC.FRM.FEMM.ZS","","","","","","","","","","","","","","","","","","","","","","","","","","","","","","","","","","","","","","","","","","","","","","","","","","","21.06137276","","","","","","","","","","","","","","","",
"Korea, Rep.","KOR","Firms with female top manager (% of firms)","IC.FRM.FEMM.ZS","","","","","","","","","","","","","","","","","","","","","","","","","","","","","","","","","","","","","","","","","","","","","","","","","","","","","","","","","","","","","","","","","44.39393997","",
"Kuwait","KWT","Firms with female top manager (% of firms)","IC.FRM.FEMM.ZS","","","","","","","","","","","","","","","","","","","","","","","","","","","","","","","","","","","","","","","","","","","","","","","","","","","","","","","","","","","","","","","","","","2.77573061",
"Latin America & Caribbean (excluding high income)","LAC","Firms with female top manager (% of firms)","IC.FRM.FEMM.ZS","","","","","","","","","","","","","","","","","","","","","","","","","","","","","","","","","","","","","","","","","","","","","","","","","","","","","","","","","","","","","","","","","23.2895117055789","",
"Lao PDR","LAO","Firms with female top manager (% of firms)","IC.FRM.FEMM.ZS","","","","","","","","","","","","","","","","","","","","","","","","","","","","","","","","","","","","","","","","","","","","","","","","","","","","","32.19785309","","","","45.25108719","","43.12331009","","","","","","50.68974686","",
"Lebanon","LBN","Firms with female top manager (% of firms)","IC.FRM.FEMM.ZS","","","","","","","","","","","","","","","","","","","","","","","","","","","","","","","","","","","","","","","","","","","","","","","","","","29.1","","","","4.440098763","","","","","","5.909774303","","","","","","",
"Liberia","LBR","Firms with female top manager (% of firms)","IC.FRM.FEMM.ZS","","","","","","","","","","","","","","","","","","","","","","","","","","","","","","","","","","","","","","","","","","","","","","","","","","29.93050385","","","","","","","","20.44726563","","","","","","","","21.48256874",
"Libya","LBY","Firms with female top manager (% of firms)","IC.FRM.FEMM.ZS","","","","","","","","","","","","","","","","","","","","","","","","","","","","","","","","","","","","","","","","","","","","","","","","","","","","","","","","","","","","","","","","","","",
"St. Lucia","LCA","Firms with female top manager (% of firms)","IC.FRM.FEMM.ZS","","","","","","","","","","","","","","","","","","","","","","","","","","","","","","","","","","","","","","","","","","","","","","","","","","","23.73422813","","","","","","","","","","","","","","","",
"Latin America & Caribbean","LCN","Firms with female top manager (% of firms)","IC.FRM.FEMM.ZS","","","","","","","","","","","","","","","","","","","","","","","","","","","","","","","","","","","","","","","","","","","","","","","","","","","","","","","","","","","","","","","","","22.5304565585667","",
"Least developed countries: UN classification","LDC","Firms with female top manager (% of firms)","IC.FRM.FEMM.ZS","","","","","","","","","","","","","","","","","","","","","","","","","","","","","","","","","","","","","","","","","","","","","","","","","","","","","","","","","","","","","","","","","16.038738313725","",
"Low income","LIC","Firms with female top manager (% of firms)","IC.FRM.FEMM.ZS","","","","","","","","","","","","","","","","","","","","","","","","","","","","","","","","","","","","","","","","","","","","","","","","","","","","","","","","","","","","","","","","","13.0539608812273","",
"Liechtenstein","LIE","Firms with female top manager (% of firms)","IC.FRM.FEMM.ZS","","","","","","","","","","","","","","","","","","","","","","","","","","","","","","","","","","","","","","","","","","","","","","","","","","","","","","","","","","","","","","","","","","",
"Sri Lanka","LKA","Firms with female top manager (% of firms)","IC.FRM.FEMM.ZS","","","","","","","","","","","","","","","","","","","","","","","","","","","","","","","","","","","","","","","","","","","","","","","","","","","","8.786117554","","","","","","","","","","","","","","",
"Lower middle income","LMC","Firms with female top manager (% of firms)","IC.FRM.FEMM.ZS","","","","","","","","","","","","","","","","","","","","","","","","","","","","","","","","","","","","","","","","","","","","","","","","","","","","","","","","","","","","","","","","","18.4787220523043","",
"Low & middle income","LMY","Firms with female top manager (% of firms)","IC.FRM.FEMM.ZS","","","","","","","","","","","","","","","","","","","","","","","","","","","","","","","","","","","","","","","","","","","","","","","","","","","","","","","","","","","","","","","","","18.9595000343571","",
"Lesotho","LSO","Firms with female top manager (% of firms)","IC.FRM.FEMM.ZS","","","","","","","","","","","","","","","","","","","","","","","","","","","","","","","","","","","","","","","","","","","","","","","","","","21.59670258","","","","","","","36.23018646","","","","","","","30.0373745","","",
"Late-demographic dividend","LTE","Firms with female top manager (% of firms)","IC.FRM.FEMM.ZS","","","","","","","","","","","","","","","","","","","","","","","","","","","","","","","","","","","","","","","","","","","","","","","","","","","","","","","","","","","","","","","","","21.6248600596667","",
"Lithuania","LTU","Firms with female top manager (% of firms)","IC.FRM.FEMM.ZS","","","","","","","","","","","","","","","","","","","","","","","","","","","","","","","","","","","","","","","","","","","","","","","","","","15.05108166","","","","21.98472214","","","","","","30.70028496","","","","","","",
"Luxembourg","LUX","Firms with female top manager (% of firms)","IC.FRM.FEMM.ZS","","","","","","","","","","","","","","","","","","","","","","","","","","","","","","","","","","","","","","","","","","","","","","","","","","","","","","","","","","","","","7.361388683","","","","","",
"Latvia","LVA","Firms with female top manager (% of firms)","IC.FRM.FEMM.ZS","","","","","","","","","","","","","","","","","","","","","","","","","","","","","","","","","","","","","","","","","","","","","","","","","","31.28351974","","","","33.94350052","","","","","","32.58067322","","","","","24.13543892","",
"Macao SAR, China","MAC","Firms with female top manager (% of firms)","IC.FRM.FEMM.ZS","","","","","","","","","","","","","","","","","","","","","","","","","","","","","","","","","","","","","","","","","","","","","","","","","","","","","","","","","","","","","","","","","","",
"St. Martin (French part)","MAF","Firms with female top manager (% of firms)","IC.FRM.FEMM.ZS","","","","","","","","","","","","","","","","","","","","","","","","","","","","","","","","","","","","","","","","","","","","","","","","","","","","","","","","","","","","","","","","","","",
"Morocco","MAR","Firms with female top manager (% of firms)","IC.FRM.FEMM.ZS","","","","","","","","","","","","","","","","","","","","","","","","","","","","","","","","","","","","","","","","","","","","","","","","","","","","","","4.332401752","","","","","","5.388195515","","","","5.438011646","","",
"Monaco","MCO","Firms with female top manager (% of firms)","IC.FRM.FEMM.ZS","","","","","","","","","","","","","","","","","","","","","","","","","","","","","","","","","","","","","","","","","","","","","","","","","","","","","","","","","","","","","","","","","","",
"Moldova","MDA","Firms with female top manager (% of firms)","IC.FRM.FEMM.ZS","","","","","","","","","","","","","","","","","","","","","","","","","","","","","","","","","","","","","","","","","","","","","","","","","","20.59985924","","","","22.42978859","","","","","","18.61942101","","","","","21.57515526","",
"Madagascar","MDG","Firms with female top manager (% of firms)","IC.FRM.FEMM.ZS","","","","","","","","","","","","","","","","","","","","","","","","","","","","","","","","","","","","","","","","","","","","","","","","","","","","","","28.20243835","","","","","","","","","37.33561707","","","",
"Maldives","MDV","Firms with female top manager (% of firms)","IC.FRM.FEMM.ZS","","","","","","","","","","","","","","","","","","","","","","","","","","","","","","","","","","","","","","","","","","","","","","","","","","","","","","","","","","","","","","","","","","",
"Middle East, North Africa, Afghanistan & Pakistan","MEA","Firms with female top manager (% of firms)","IC.FRM.FEMM.ZS","","","","","","","","","","","","","","","","","","","","","","","","","","","","","","","","","","","","","","","","","","","","","","","","","","","","","","","","","","","","","","","","","5.6988920269375","",
"Mexico","MEX","Firms with female top manager (% of firms)","IC.FRM.FEMM.ZS","","","","","","","","","","","","","","","","","","","","","","","","","","","","","","","","","","","","","","","","","","","","","","","","","","","14.62139225","","","","","","","","","","","","","15.65447235","","",
"Marshall Islands","MHL","Firms with female top manager (% of firms)","IC.FRM.FEMM.ZS","","","","","","","","","","","","","","","","","","","","","","","","","","","","","","","","","","","","","","","","","","","","","","","","","","","","","","","","","","","","","","","","","","",
"Middle income","MIC","Firms with female top manager (% of firms)","IC.FRM.FEMM.ZS","","","","","","","","","","","","","","","","","","","","","","","","","","","","","","","","","","","","","","","","","","","","","","","","","","","","","","","","","","","","","","","","","20.4030762717889","",
"North Macedonia","MKD","Firms with female top manager (% of firms)","IC.FRM.FEMM.ZS","","","","","","","","","","","","","","","","","","","","","","","","","","","","","","","","","","","","","","","","","","","","","","","","","","19.12782478","","","","16.84737778","","","","","","21.34235573","","","","16.42587471","","",
"Mali","MLI","Firms with female top manager (% of firms)","IC.FRM.FEMM.ZS","","","","","","","","","","","","","","","","","","","","","","","","","","","","","","","","","","","","","","","","","","","","","","","","","","","21.0102005","","","","","","11.55807495","","","","","","","","7.851715088","",
"Malta","MLT","Firms with female top manager (% of firms)","IC.FRM.FEMM.ZS","","","","","","","","","","","","","","","","","","","","","","","","","","","","","","","","","","","","","","","","","","","","","","","","","","","","","","","","","","","","11.32408524","","","","","10.59114742","",
"Myanmar","MMR","Firms with female top manager (% of firms)","IC.FRM.FEMM.ZS","","","","","","","","","","","","","","","","","","","","","","","","","","","","","","","","","","","","","","","","","","","","","","","","","","","","","","","29.4920845","","41.12850571","","","","","","","","","",
"Middle East, North Africa, Afghanistan & Pakistan (excluding high income)","MNA","Firms with female top manager (% of firms)","IC.FRM.FEMM.ZS","","","","","","","","","","","","","","","","","","","","","","","","","","","","","","","","","","","","","","","","","","","","","","","","","","","","","","","","","","","","","","","","","5.15381891081818","",
"Montenegro","MNE","Firms with female top manager (% of firms)","IC.FRM.FEMM.ZS","","","","","","","","","","","","","","","","","","","","","","","","","","","","","","","","","","","","","","","","","","","","","","","","","","24.49002838","","","","19.20569992","","","","","","15.0441885","","","","13.50488949","","",
"Mongolia","MNG","Firms with female top manager (% of firms)","IC.FRM.FEMM.ZS","","","","","","","","","","","","","","","","","","","","","","","","","","","","","","","","","","","","","","","","","","","","","","","","","","36.35643768","","","","31.00573921","","","","","","38.86395264","","","","","","",
"Northern Mariana Islands","MNP","Firms with female top manager (% of firms)","IC.FRM.FEMM.ZS","","","","","","","","","","","","","","","","","","","","","","","","","","","","","","","","","","","","","","","","","","","","","","","","","","","","","","","","","","","","","","","","","","",
"Mozambique","MOZ","Firms with female top manager (% of firms)","IC.FRM.FEMM.ZS","","","","","","","","","","","","","","","","","","","","","","","","","","","","","","","","","","","","","","","","","","","","","","","","","","","","","","","","","","","15.58270168","","","","","","","",
"Mauritania","MRT","Firms with female top manager (% of firms)","IC.FRM.FEMM.ZS","","","","","","","","","","","","","","","","","","","","","","","","","","","","","","","","","","","","","","","","","","","","","","","","","","","","","","","4.458809376","","","","","","","","","","","",
"Mauritius","MUS","Firms with female top manager (% of firms)","IC.FRM.FEMM.ZS","","","","","","","","","","","","","","","","","","","","","","","","","","","","","","","","","","","","","","","","","","","","","","","","","","","","","","","","","","","","","","","","18.0763607","","",
"Malawi","MWI","Firms with female top manager (% of firms)","IC.FRM.FEMM.ZS","","","","","","","","","","","","","","","","","","","","","","","","","","","","","","","","","","","","","","","","","","","","","","","","","","15.62024975","","","","","14.23003483","","","","","","","","","","","13.51313877",
"Malaysia","MYS","Firms with female top manager (% of firms)","IC.FRM.FEMM.ZS","","","","","","","","","","","","","","","","","","","","","","","","","","","","","","","","","","","","","","","","","","","","","","","","8.7","","","","","","","","26.30784607","","","","33.15960312","","","","","25.54145432","",
"North America","NAC","Firms with female top manager (% of firms)","IC.FRM.FEMM.ZS","","","","","","","","","","","","","","","","","","","","","","","","","","","","","","","","","","","","","","","","","","","","","","","","","","","","","","","","","","","","","","","","","22.062176705","",
"Namibia","NAM","Firms with female top manager (% of firms)","IC.FRM.FEMM.ZS","","","","","","","","","","","","","","","","","","","","","","","","","","","","","","","","","","","","","","","","","","","","","","","","","","","","","","","27.3738327","","","","","","","","","","27.5347271","",
"New Caledonia","NCL","Firms with female top manager (% of firms)","IC.FRM.FEMM.ZS","","","","","","","","","","","","","","","","","","","","","","","","","","","","","","","","","","","","","","","","","","","","","","","","","","","","","","","","","","","","","","","","","","",
"Niger","NER","Firms with female top manager (% of firms)","IC.FRM.FEMM.ZS","","","","","","","","","","","","","","","","","","","","","","","","","","","","","","","","","","","","","","","","","","","","","","","","","","11.28322315","","","","","","","","10.62412739","","","","","","","","",
"Nigeria","NGA","Firms with female top manager (% of firms)","IC.FRM.FEMM.ZS","","","","","","","","","","","","","","","","","","","","","","","","","","","","","","","","","","","","","","","","","","","","","","","","","","","","","","","13.85711288","","","","","","","","","","","14.26991272",
"Nicaragua","NIC","Firms with female top manager (% of firms)","IC.FRM.FEMM.ZS","","","","","","","","","","","","","","","","","","","","","","","","","","","","","","","","","","","","","","","","","","","","","","","","","","","32.32575607","","","","","","26.99346352","","","","","","","","","",
"Netherlands","NLD","Firms with female top manager (% of firms)","IC.FRM.FEMM.ZS","","","","","","","","","","","","","","","","","","","","","","","","","","","","","","","","","","","","","","","","","","","","","","","","","","","","","","","","","","","","","13.65441418","","","","","",
"Norway","NOR","Firms with female top manager (% of firms)","IC.FRM.FEMM.ZS","","","","","","","","","","","","","","","","","","","","","","","","","","","","","","","","","","","","","","","","","","","","","","","","","","","","","","","","","","","","","","","","","","",
"Nepal","NPL","Firms with female top manager (% of firms)","IC.FRM.FEMM.ZS","","","","","","","","","","","","","","","","","","","","","","","","","","","","","","","","","","","","","","","","","","","","","","","","","","13.36622715","","","","17.16400337","","","","","","","","","","10.31440258","","",
"Nauru","NRU","Firms with female top manager (% of firms)","IC.FRM.FEMM.ZS","","","","","","","","","","","","","","","","","","","","","","","","","","","","","","","","","","","","","","","","","","","","","","","","","","","","","","","","","","","","","","","","","","",
"New Zealand","NZL","Firms with female top manager (% of firms)","IC.FRM.FEMM.ZS","","","","","","","","","","","","","","","","","","","","","","","","","","","","","","","","","","","","","","","","","","","","","","","","","","","","","","","","","","","","","","","","20.30600166","","",
"OECD members","OED","Firms with female top manager (% of firms)","IC.FRM.FEMM.ZS","","","","","","","","","","","","","","","","","","","","","","","","","","","","","","","","","","","","","","","","","","","","","","","","","","","","","","","","","","","","","","","","","18.0491010297353","",
"Oman","OMN","Firms with female top manager (% of firms)","IC.FRM.FEMM.ZS","","","","","","","","","","","","","","","","","","","","","","","","","","","","","","","","","","","","","","","","","","","","","","","","","","","","","","","","","","","","","","","","","","",
"Other small states","OSS","Firms with female top manager (% of firms)","IC.FRM.FEMM.ZS","","","","","","","","","","","","","","","","","","","","","","","","","","","","","","","","","","","","","","","","","","","","","","","","","","","","","","","","","","","","","","","","","21.2142791751429","",
"Pakistan","PAK","Firms with female top manager (% of firms)","IC.FRM.FEMM.ZS","","","","","","","","","","","","","","","","","","","","","","","","","","","","","","","","","","","","","","","","","","","","","","","","","","","","","","5.952958584","","","","","","","","","3.400770664","","","",
"Panama","PAN","Firms with female top manager (% of firms)","IC.FRM.FEMM.ZS","","","","","","","","","","","","","","","","","","","","","","","","","","","","","","","","","","","","","","","","","","","","","","","","","","","23.51851654","","","","","","","","","","","","","","","",
"Peru","PER","Firms with female top manager (% of firms)","IC.FRM.FEMM.ZS","","","","","","","","","","","","","","","","","","","","","","","","","","","","","","","","","","","","","","","","","","","","","","","","","","","14.1280508","","","","","","","19.86162376","","","","","","22.38912773","","",
"Philippines","PHL","Firms with female top manager (% of firms)","IC.FRM.FEMM.ZS","","","","","","","","","","","","","","","","","","","","","","","","","","","","","","","","","","","","","","","","","","","","","","","","","","32.66410446","","","","","","29.86295509","","","","","","","","43.44896317","","",
"Palau","PLW","Firms with female top manager (% of firms)","IC.FRM.FEMM.ZS","","","","","","","","","","","","","","","","","","","","","","","","","","","","","","","","","","","","","","","","","","","","","","","","","","","","","","","","","","","","","","","","","","",
"Papua New Guinea","PNG","Firms with female top manager (% of firms)","IC.FRM.FEMM.ZS","","","","","","","","","","","","","","","","","","","","","","","","","","","","","","","","","","","","","","","","","","","","","","","","","","","","","","","","13.77333546","","","","","","","","","21.95430183","",
"Poland","POL","Firms with female top manager (% of firms)","IC.FRM.FEMM.ZS","","","","","","","","","","","","","","","","","","","","","","","","","","","","","","","","","","","","","","","","","","","","","","","","","","31.07001495","","","","20.43151665","","","","","","27.77890587","","","","","","32.28123093",
"Pre-demographic dividend","PRE","Firms with female top manager (% of firms)","IC.FRM.FEMM.ZS","","","","","","","","","","","","","","","","","","","","","","","","","","","","","","","","","","","","","","","","","","","","","","","","","","","","","","","","","","","","","","","","","13.7565271724722","",
"Puerto Rico (US)","PRI","Firms with female top manager (% of firms)","IC.FRM.FEMM.ZS","","","","","","","","","","","","","","","","","","","","","","","","","","","","","","","","","","","","","","","","","","","","","","","","","","","","","","","","","","","","","","","","","","",
"Korea, Dem. People's Rep.","PRK","Firms with female top manager (% of firms)","IC.FRM.FEMM.ZS","","","","","","","","","","","","","","","","","","","","","","","","","","","","","","","","","","","","","","","","","","","","","","","","","","","","","","","","","","","","","","","","","","",
"Portugal","PRT","Firms with female top manager (% of firms)","IC.FRM.FEMM.ZS","","","","","","","","","","","","","","","","","","","","","","","","","","","","","","","","","","","","","","","","","","","","","","","","","","","","","","","","","","","","13.9840374","","","","19.0825634","","",
"Paraguay","PRY","Firms with female top manager (% of firms)","IC.FRM.FEMM.ZS","","","","","","","","","","","","","","","","","","","","","","","","","","","","","","","","","","","","","","","","","","","","","","","","","","","22.77293205","","","","","","","19.58761597","","","","","","19.0618515","","",
"West Bank and Gaza","PSE","Firms with female top manager (% of firms)","IC.FRM.FEMM.ZS","","","","","","","","","","","","","","","","","","","","","","","","","","","","","","","","","","","","","","","","","","","","","","","","","","","","","","1.333079934","","","","","","0.9330909848","","","","2.74428916","","",
"Pacific island small states","PSS","Firms with female top manager (% of firms)","IC.FRM.FEMM.ZS","","","","","","","","","","","","","","","","","","","","","","","","","","","","","","","","","","","","","","","","","","","","","","","","","","","","","","","","","","","","","","","","","35.12092066","",
"Post-demographic dividend","PST","Firms with female top manager (% of firms)","IC.FRM.FEMM.ZS","","","","","","","","","","","","","","","","","","","","","","","","","","","","","","","","","","","","","","","","","","","","","","","","","","","","","","","","","","","","","","","","","19.1571373192812","",
"French Polynesia","PYF","Firms with female top manager (% of firms)","IC.FRM.FEMM.ZS","","","","","","","","","","","","","","","","","","","","","","","","","","","","","","","","","","","","","","","","","","","","","","","","","","","","","","","","","","","","","","","","","","",
"Qatar","QAT","Firms with female top manager (% of firms)","IC.FRM.FEMM.ZS","","","","","","","","","","","","","","","","","","","","","","","","","","","","","","","","","","","","","","","","","","","","","","","","","","","","","","","","","","","","","","","","","","",
"Romania","ROU","Firms with female top manager (% of firms)","IC.FRM.FEMM.ZS","","","","","","","","","","","","","","","","","","","","","","","","","","","","","","","","","","","","","","","","","","","","","","","","","","24.66545486","","","","18.2959938","","","","","","17.16890907","","","","19.03540802","","",
"Russian Federation","RUS","Firms with female top manager (% of firms)","IC.FRM.FEMM.ZS","","","","","","","","","","","","","","","","","","","","","","","","","","","","","","","","","","","","","","","","","","","","","","","","","","14.32756233","","","20.08975029","","","","","","","24.25231552","","","","","","",
"Rwanda","RWA","Firms with female top manager (% of firms)","IC.FRM.FEMM.ZS","","","","","","","","","","","","","","","","","","","","","","","","","","","","","","","","","","","","","","","","","","","","","","","","","","","","19.66950607","","","","","","","","21.75414848","","","","28.10006523","","",
"South Asia","SAS","Firms with female top manager (% of firms)","IC.FRM.FEMM.ZS","","","","","","","","","","","","","","","","","","","","","","","","","","","","","","","","","","","","","","","","","","","","","","","","","","","","","","","","","","","","","","","","","10.1908379086","",
"Saudi Arabia","SAU","Firms with female top manager (% of firms)","IC.FRM.FEMM.ZS","","","","","","","","","","","","","","","","","","","","","","","","","","","","","","","","","","","","","","","","","","","","","","","","","","","","","","","","","","","","","","","2.951507568","","","",
"Sudan","SDN","Firms with female top manager (% of firms)","IC.FRM.FEMM.ZS","","","","","","","","","","","","","","","","","","","","","","","","","","","","","","","","","","","","","","","","","","","","","","","","","","","","","","","3.416766882","","","","","","","","","","","",
"Senegal","SEN","Firms with female top manager (% of firms)","IC.FRM.FEMM.ZS","","","","","","","","","","","","","","","","","","","","","","","","","","","","","","","","","","","","","","","","","","","","","","","","","","","","","","","14.06226826","","","","","","","","","","15.77882671","",
"Singapore","SGP","Firms with female top manager (% of firms)","IC.FRM.FEMM.ZS","","","","","","","","","","","","","","","","","","","","","","","","","","","","","","","","","","","","","","","","","","","","","","","","","","","","","","","","","","","","","","","","21.80189705","","",
"Solomon Islands","SLB","Firms with female top manager (% of firms)","IC.FRM.FEMM.ZS","","","","","","","","","","","","","","","","","","","","","","","","","","","","","","","","","","","","","","","","","","","","","","","","","","","","","","","","22.63302803","","","","","","","","","","",
"Sierra Leone","SLE","Firms with female top manager (% of firms)","IC.FRM.FEMM.ZS","","","","","","","","","","","","","","","","","","","","","","","","","","","","","","","","","","","","","","","","","","","","","","","","","","7.085578918","","","","","","","","15.94776535","","","","","","12.96331596","","",
"El Salvador","SLV","Firms with female top manager (% of firms)","IC.FRM.FEMM.ZS","","","","","","","","","","","","","","","","","","","","","","","","","","","","","","","","","","","","","","","","","","","","","","","","","","","21.36770439","","","","","","27.96663666","","","","","","","25.55768776","","",
"San Marino","SMR","Firms with female top manager (% of firms)","IC.FRM.FEMM.ZS","","","","","","","","","","","","","","","","","","","","","","","","","","","","","","","","","","","","","","","","","","","","","","","","","","","","","","","","","","","","","","","","","","",
"Somalia, Fed. Rep.","SOM","Firms with female top manager (% of firms)","IC.FRM.FEMM.ZS","","","","","","","","","","","","","","","","","","","","","","","","","","","","","","","","","","","","","","","","","","","","","","","","","","","","","","","","","","","","","","","","","","9.171553612",
"Serbia","SRB","Firms with female top manager (% of firms)","IC.FRM.FEMM.ZS","","","","","","","","","","","","","","","","","","","","","","","","","","","","","","","","","","","","","","","","","","","","","","","","","","15.86902714","","","","15.29638863","","","","","","18.21172905","","","","","20.88751411","",
"Sub-Saharan Africa (excluding high income)","SSA","Firms with female top manager (% of firms)","IC.FRM.FEMM.ZS","","","","","","","","","","","","","","","","","","","","","","","","","","","","","","","","","","","","","","","","","","","","","","","","","","","","","","","","","","","","","","","","","16.7144010179302","",
"South Sudan","SSD","Firms with female top manager (% of firms)","IC.FRM.FEMM.ZS","","","","","","","","","","","","","","","","","","","","","","","","","","","","","","","","","","","","","","","","","","","","","","","","","","","","","","","9.452692986","","","","","","","","","","10.54944801","",
"Sub-Saharan Africa","SSF","Firms with female top manager (% of firms)","IC.FRM.FEMM.ZS","","","","","","","","","","","","","","","","","","","","","","","","","","","","","","","","","","","","","","","","","","","","","","","","","","","","","","","","","","","","","","","","","16.6567203787556","",
"Small states","SST","Firms with female top manager (% of firms)","IC.FRM.FEMM.ZS","","","","","","","","","","","","","","","","","","","","","","","","","","","","","","","","","","","","","","","","","","","","","","","","","","","","","","","","","","","","","","","","","23.8211750350667","",
"Sao Tome and Principe","STP","Firms with female top manager (% of firms)","IC.FRM.FEMM.ZS","","","","","","","","","","","","","","","","","","","","","","","","","","","","","","","","","","","","","","","","","","","","","","","","","","","","","","","","","","","","","","","","","","",
"Suriname","SUR","Firms with female top manager (% of firms)","IC.FRM.FEMM.ZS","","","","","","","","","","","","","","","","","","","","","","","","","","","","","","","","","","","","","","","","","","","","","","","","","","","14.99999332","","","","","","","","11.89286709","","","","","","","",
"Slovak Republic","SVK","Firms with female top manager (% of firms)","IC.FRM.FEMM.ZS","","","","","","","","","","","","","","","","","","","","","","","","","","","","","","","","","","","","","","","","","","","","","","","","","","19.80543327","","","","13.95437622","","","","","","22.92948914","","","","20.40790367","","",
"Slovenia","SVN","Firms with female top manager (% of firms)","IC.FRM.FEMM.ZS","","","","","","","","","","","","","","","","","","","","","","","","","","","","","","","","","","","","","","","","","","","","","","","","","","15.85733414","","","","21.90837288","","","","","","18.83386803","","","","","23.38414192","",
"Sweden","SWE","Firms with female top manager (% of firms)","IC.FRM.FEMM.ZS","","","","","","","","","","","","","","","","","","","","","","","","","","","","","","","","","","","","","","","","","","","","","","","","","","","","","","","12.4852705","","","","","","13.96216679","","","","12.88723564","",
"Eswatini","SWZ","Firms with female top manager (% of firms)","IC.FRM.FEMM.ZS","","","","","","","","","","","","","","","","","","","","","","","","","","","","","","","","","","","","","","","","","","","","","","","","","","","","","","","","","27.40063095","","","","","","","","33.95055008","",
"Sint Maarten (Dutch part)","SXM","Firms with female top manager (% of firms)","IC.FRM.FEMM.ZS","","","","","","","","","","","","","","","","","","","","","","","","","","","","","","","","","","","","","","","","","","","","","","","","","","","","","","","","","","","","","","","","","","",
"Seychelles","SYC","Firms with female top manager (% of firms)","IC.FRM.FEMM.ZS","","","","","","","","","","","","","","","","","","","","","","","","","","","","","","","","","","","","","","","","","","","","","","","","","","","","","","","","","","","","","","","","26.31266403","","",
"Syrian Arab Republic","SYR","Firms with female top manager (% of firms)","IC.FRM.FEMM.ZS","","","","","","","","","","","","","","","","","","","","","","","","","","","","","","","","","","","","","","","","","","","","","","","","","","22.8","","","","","","","","","","","","","","","","",
"Turks and Caicos Islands","TCA","Firms with female top manager (% of firms)","IC.FRM.FEMM.ZS","","","","","","","","","","","","","","","","","","","","","","","","","","","","","","","","","","","","","","","","","","","","","","","","","","","","","","","","","","","","","","","","","","",
"Chad","TCD","Firms with female top manager (% of firms)","IC.FRM.FEMM.ZS","","","","","","","","","","","","","","","","","","","","","","","","","","","","","","","","","","","","","","","","","","","","","","","","","","6.812093735","","","","","","","","","12.0351162","","","","","8.512759209","","",
"East Asia & Pacific (IDA & IBRD countries)","TEA","Firms with female top manager (% of firms)","IC.FRM.FEMM.ZS","","","","","","","","","","","","","","","","","","","","","","","","","","","","","","","","","","","","","","","","","","","","","","","","","","","","","","","","","","","","","","","","","35.225233318125","",
"Europe & Central Asia (IDA & IBRD countries)","TEC","Firms with female top manager (% of firms)","IC.FRM.FEMM.ZS","","","","","","","","","","","","","","","","","","","","","","","","","","","","","","","","","","","","","","","","","","","","","","","","","","","","","","","","","","","","","","","","","18.0974319608261","",
"Togo","TGO","Firms with female top manager (% of firms)","IC.FRM.FEMM.ZS","","","","","","","","","","","","","","","","","","","","","","","","","","","","","","","","","","","","","","","","","","","","","","","","","","15.11275864","","","","","","","11.416852","","","","","","","13.18341446","","",
"Thailand","THA","Firms with female top manager (% of firms)","IC.FRM.FEMM.ZS","","","","","","","","","","","","","","","","","","","","","","","","","","","","","","","","","","","","","","","","","","","","","","","","","","","","","","","","","64.84489441","","","","","","","","","",
"Tajikistan","TJK","Firms with female top manager (% of firms)","IC.FRM.FEMM.ZS","","","","","","","","","","","","","","","","","","","","","","","","","","","","","","","","","","","","","","","","","","","","","","","","","11.81888866","","","","","9.081255913","","","","","","6.643393993","","","","","6.64220047","",
"Turkmenistan","TKM","Firms with female top manager (% of firms)","IC.FRM.FEMM.ZS","","","","","","","","","","","","","","","","","","","","","","","","","","","","","","","","","","","","","","","","","","","","","","","","","","","","","","","","","","","","","","","","","6.084328651","",
"Latin America & the Caribbean (IDA & IBRD countries)","TLA","Firms with female top manager (% of firms)","IC.FRM.FEMM.ZS","","","","","","","","","","","","","","","","","","","","","","","","","","","","","","","","","","","","","","","","","","","","","","","","","","","","","","","","","","","","","","","","","22.1620188905862","",
"Timor-Leste","TLS","Firms with female top manager (% of firms)","IC.FRM.FEMM.ZS","","","","","","","","","","","","","","","","","","","","","","","","","","","","","","","","","","","","","","","","","","","","","","","","","","","","","","","","26.99910545","","","","","","32.19272995","","","","",
"Middle East, North Africa, Afghanistan & Pakistan (IDA & IBRD)","TMN","Firms with female top manager (% of firms)","IC.FRM.FEMM.ZS","","","","","","","","","","","","","","","","","","","","","","","","","","","","","","","","","","","","","","","","","","","","","","","","","","","","","","","","","","","","","","","","","5.3947718859","",
"Tonga","TON","Firms with female top manager (% of firms)","IC.FRM.FEMM.ZS","","","","","","","","","","","","","","","","","","","","","","","","","","","","","","","","","","","","","","","","","","","","","","","","","","","","","","","","","","","","","","","","","30.18178177","",
"South Asia (IDA & IBRD)","TSA","Firms with female top manager (% of firms)","IC.FRM.FEMM.ZS","","","","","","","","","","","","","","","","","","","","","","","","","","","","","","","","","","","","","","","","","","","","","","","","","","","","","","","","","","","","","","","","","10.1908379086","",
"Sub-Saharan Africa (IDA & IBRD countries)","TSS","Firms with female top manager (% of firms)","IC.FRM.FEMM.ZS","","","","","","","","","","","","","","","","","","","","","","","","","","","","","","","","","","","","","","","","","","","","","","","","","","","","","","","","","","","","","","","","","16.6567203787556","",
"Trinidad and Tobago","TTO","Firms with female top manager (% of firms)","IC.FRM.FEMM.ZS","","","","","","","","","","","","","","","","","","","","","","","","","","","","","","","","","","","","","","","","","","","","","","","","","","","20.80799675","","","","","","","","","","","","","","","23.50408554",
"Tunisia","TUN","Firms with female top manager (% of firms)","IC.FRM.FEMM.ZS","","","","","","","","","","","","","","","","","","","","","","","","","","","","","","","","","","","","","","","","","","","","","","","","","","","","","","8.498747826","","","","","","","10.37479401","","","","8.991737366","",
"Turkiye","TUR","Firms with female top manager (% of firms)","IC.FRM.FEMM.ZS","","","","","","","","","","","","","","","","","","","","","","","","","","","","","","","","","","","","","","","","","","","","","","","","","12.40744209","","","","","5.524844646","","","","","","3.889606237","","","","","9.429300308","",
"Tuvalu","TUV","Firms with female top manager (% of firms)","IC.FRM.FEMM.ZS","","","","","","","","","","","","","","","","","","","","","","","","","","","","","","","","","","","","","","","","","","","","","","","","","","","","","","","","","","","","","","","","","","",
"Tanzania","TZA","Firms with female top manager (% of firms)","IC.FRM.FEMM.ZS","","","","","","","","","","","","","","","","","","","","","","","","","","","","","","","","","","","","","","","","","","","","","","","","","","","","","","13.95125103","","","","","","","","","","17.50503349","","",
"Uganda","UGA","Firms with female top manager (% of firms)","IC.FRM.FEMM.ZS","","","","","","","","","","","","","","","","","","","","","","","","","","","","","","","","","","","","","","","","","","","","","","","","","","","","","","15.35108376","","","","","","","","","","","","",
"Ukraine","UKR","Firms with female top manager (% of firms)","IC.FRM.FEMM.ZS","","","","","","","","","","","","","","","","","","","","","","","","","","","","","","","","","","","","","","","","","","","","","","","","","27.91299438","","","","","20.89408302","","","","","","17.67989159","","","","","","",
"Upper middle income","UMC","Firms with female top manager (% of firms)","IC.FRM.FEMM.ZS","","","","","","","","","","","","","","","","","","","","","","","","","","","","","","","","","","","","","","","","","","","","","","","","","","","","","","","","","","","","","","","","","22.4149011376136","",
"Uruguay","URY","Firms with female top manager (% of firms)","IC.FRM.FEMM.ZS","","","","","","","","","","","","","","","","","","","","","","","","","","","","","","","","","","","","","","","","","","","","","","","","","","","19.37161636","","","","","","","10.6144619","","","","","","","19.156147","",
"United States","USA","Firms with female top manager (% of firms)","IC.FRM.FEMM.ZS","","","","","","","","","","","","","","","","","","","","","","","","","","","","","","","","","","","","","","","","","","","","","","","","","","","","","","","","","","","","","","","","","22.23056793","",
"Uzbekistan","UZB","Firms with female top manager (% of firms)","IC.FRM.FEMM.ZS","","","","","","","","","","","","","","","","","","","","","","","","","","","","","","","","","","","","","","","","","","","","","","","","","11.3822403","","","","","14.92200375","","","","","","12.39871883","","","","","12.33751774","",
"St. Vincent and the Grenadines","VCT","Firms with female top manager (% of firms)","IC.FRM.FEMM.ZS","","","","","","","","","","","","","","","","","","","","","","","","","","","","","","","","","","","","","","","","","","","","","","","","","","","38.63430023","","","","","","","","","","","","","","","",
"Venezuela, RB","VEN","Firms with female top manager (% of firms)","IC.FRM.FEMM.ZS","","","","","","","","","","","","","","","","","","","","","","","","","","","","","","","","","","","","","","","","","","","","","","","","","","","31.11586761","","","","","","","","","","","","","","","",
"British Virgin Islands","VGB","Firms with female top manager (% of firms)","IC.FRM.FEMM.ZS","","","","","","","","","","","","","","","","","","","","","","","","","","","","","","","","","","","","","","","","","","","","","","","","","","","","","","","","","","","","","","","","","","",
"Virgin Islands (U.S.)","VIR","Firms with female top manager (% of firms)","IC.FRM.FEMM.ZS","","","","","","","","","","","","","","","","","","","","","","","","","","","","","","","","","","","","","","","","","","","","","","","","","","","","","","","","","","","","","","","","","","",
"Viet Nam","VNM","Firms with female top manager (% of firms)","IC.FRM.FEMM.ZS","","","","","","","","","","","","","","","","","","","","","","","","","","","","","","","","","","","","","","","","","","","","","","","","","","26.37390518","","","","","","22.41135216","","","","","","","","19.39894485","","",
"Vanuatu","VUT","Firms with female top manager (% of firms)","IC.FRM.FEMM.ZS","","","","","","","","","","","","","","","","","","","","","","","","","","","","","","","","","","","","","","","","","","","","","","","","","","","","","","","","","","","","","","","","39.69094086","","",
"World","WLD","Firms with female top manager (% of firms)","IC.FRM.FEMM.ZS","","","","","","","","","","","","","","","","","","","","","","","","","","","","","","","","","","","","","","","","","","","","","","","","","","","","","","","","","","","","","","","","","19.0022510013353","",
"Samoa","WSM","Firms with female top manager (% of firms)","IC.FRM.FEMM.ZS","","","","","","","","","","","","","","","","","","","","","","","","","","","","","","","","","","","","","","","","","","","","","","","","","","","","","","","","","","","","","","","","47.97793198","","",
"Kosovo","XKX","Firms with female top manager (% of firms)","IC.FRM.FEMM.ZS","","","","","","","","","","","","","","","","","","","","","","","","","","","","","","","","","","","","","","","","","","","","","","","","","","0.3220158219","","","","9.331264496","","","","","","2.674916506","","","","","","",
"Yemen, Rep.","YEM","Firms with female top manager (% of firms)","IC.FRM.FEMM.ZS","","","","","","","","","","","","","","","","","","","","","","","","","","","","","","","","","","","","","","","","","","","","","","","","","","","0.1498901397","","","1.646798253","","","","","","","","","","","","",
"South Africa","ZAF","Firms with female top manager (% of firms)","IC.FRM.FEMM.ZS","","","","","","","","","","","","","","","","","","","","","","","","","","","","","","","","","","","","","","","","","","","","","","","","","","","","","","","","","","","","","38.51338577","","","","","",
"Zambia","ZMB","Firms with female top manager (% of firms)","IC.FRM.FEMM.ZS","","","","","","","","","","","","","","","","","","","","","","","","","","","","","","","","","","","","","","","","","","","","","","","","","","","","","","22.4725914","","","","","","12.9291029","","","","","","",
"Zimbabwe","ZWE","Firms with female top manager (% of firms)","IC.FRM.FEMM.ZS","","","","","","","","","","","","","","","","","","","","","","","","","","","","","","","","","","","","","","","","","","","","","","","","","","","","17.41943741","","","","","16.33406067","","","","","","","","","",
